[
  {
    "id": "usr_1",
    "nombre": "Elena Navarro",
    "foto": "/img/users/elena_navarro.jpg",
    "direccion": "C/ Falsa, 123, Madrid"
  },
  {
    "id": "usr_2",
    "nombre": "Marcos Castillo",
    "foto": "/img/users/marcos_castillo.jpg",
    "direccion": "Av. Siempre Viva, 42, Barcelona"
  },
  {
    "id": "usr_3",
    "nombre": "Sofía Ramos",
    "foto": "/img/users/sofia_ramos.jpg",
    "direccion": "Pza. Mayor, 5, Valencia"
  },
  {
    "id": "usr_4",
    "nombre": "Pablo García",
    "foto": "/img/users/pablo_garcia.jpg",
    "direccion": "Rúa da Liberdade, 7, Sevilla"
  }
]